filename,gender
img_001.jpg,male
img_002.jpg,male
img_003.jpg,male
img_004.jpg,female
img_005.jpg,female
img_006.jpg,male
img_007.jpg,male
img_008.jpg,male
img_009.jpg,male
img_010.jpg,male
img_011.jpg,male
img_012.jpg,male
img_013.jpg,male
img_014.jpg,male
img_015.jpg,male
img_016.jpg,female
img_017.jpg,female
img_018.jpg,female
img_019.jpg,female
img_020.jpg,male
img_021.jpg,male
img_022.jpg,female
img_023.jpg,female
img_024.jpg,female
img_025.jpg,female
img_026.jpg,male
img_027.jpg,male
img_028.jpg,female
img_029.jpg,female
img_030.jpg,female
img_031.jpg,female
img_032.jpg,female
img_033.jpg,female
img_034.jpg,male
img_035.jpg,male
img_036.jpg,female
img_037.jpg,female
img_038.jpg,female
img_039.jpg,female
img_040.jpg,female
img_041.jpg,female
img_042.jpg,female
img_043.jpg,female
img_044.jpg,female
img_045.jpg,female
img_046.jpg,male
img_047.jpg,male
img_048.jpg,male
img_049.jpg,male
img_050.jpg,male
img_051.jpg,male
img_052.jpg,female
img_053.jpg,female
img_054.jpg,male
img_055.jpg,male
img_056.jpg,female
img_057.jpg,female
img_058.jpg,male
img_059.jpg,male
img_060.jpg,female
img_061.jpg,female
img_062.jpg,male
img_063.jpg,male
img_064.jpg,female
img_065.jpg,female
img_066.jpg,male
img_067.jpg,male
img_068.jpg,male
img_069.jpg,male
img_070.jpg,male
img_071.jpg,male
img_072.jpg,male
img_073.jpg,male
img_074.jpg,female
img_075.jpg,female
img_076.jpg,female
img_077.jpg,female
img_078.jpg,female
img_079.jpg,female
img_080.jpg,male
img_081.jpg,male
img_082.jpg,female
img_083.jpg,female
img_084.jpg,female
img_085.jpg,female
img_086.jpg,male
img_087.jpg,male
img_088.jpg,male
img_089.jpg,male
img_090.jpg,male
img_091.jpg,male
img_092.jpg,male
img_093.jpg,male
img_094.jpg,female
img_095.jpg,female
